Season,Name,Team,Age,G,IP,ERA,WHIP,FIP,xFIP,SO,BB,K/9,BB/9,BABIP,RAR,WAR,Dollars,H,ER
2016,Jose Fernandez,MIA,23,29,182.1,2.86,1.12,2.3,2.56,253,55,12.49,2.71,0.332,55.9,6.3,$50.8,149,58
2016,Noah Syndergaard,NYM,23,31,183.2,2.6,1.15,2.29,2.67,218,43,10.68,2.11,0.334,53.7,6.0,$48.1,168,53
2016,Max Scherzer,WSN,31,34,228.1,2.96,0.97,3.24,3.37,284,56,11.19,2.21,0.255,51.6,5.6,$45.0,165,75
2016,Justin Verlander,DET,33,34,227.2,3.04,1.0,3.48,3.78,254,57,10.04,2.25,0.255,50.1,5.4,$42.9,171,77
2016,Chris Sale,CHW,27,32,226.2,3.34,1.04,3.46,3.58,233,45,9.25,1.79,0.279,49.3,5.3,$42.4,190,84
2016,Rick Porcello,BOS,27,33,223.0,3.15,1.01,3.4,3.89,189,32,7.63,1.29,0.269,47.8,5.1,$40.9,193,78
2016,Johnny Cueto,SFG,30,32,219.2,2.79,1.09,2.96,3.42,198,45,8.11,1.84,0.293,45.3,4.9,$39.1,195,68
2016,Corey Kluber,CLE,30,32,215.0,3.14,1.06,3.26,3.5,227,57,9.5,2.39,0.271,45.9,4.9,$39.2,170,75
2016,Jose Quintana,CHW,27,32,208.0,3.2,1.16,3.56,4.03,181,50,7.83,2.16,0.293,45.9,4.9,$39.3,192,74
2016,Masahiro Tanaka,NYY,27,31,199.2,3.07,1.08,3.51,3.61,165,36,7.44,1.62,0.271,43.8,4.7,$37.5,179,68
2016,David Price,BOS,30,35,230.0,3.99,1.2,3.6,3.52,228,50,8.92,1.96,0.31,41.9,4.4,$35.2,227,102
2016,Madison Bumgarner,SFG,26,34,226.2,2.74,1.02,3.24,3.54,251,54,9.97,2.14,0.265,40.5,4.3,$34.4,178,69
2016,Jon Lester,CHC,32,32,202.2,2.44,1.02,3.41,3.47,197,52,8.75,2.31,0.256,39.6,4.2,$33.9,154,55
2016,Kyle Hendricks,CHC,26,31,190.0,2.13,0.98,3.2,3.59,170,44,8.05,2.08,0.25,38.8,4.2,$33.3,142,45
2016,Jon Gray,COL,24,29,168.0,4.61,1.26,3.6,3.61,185,59,9.91,3.16,0.308,33.3,3.6,$28.4,153,86
2016,Jake Arrieta,CHC,30,31,197.1,3.1,1.08,3.52,3.68,190,76,8.67,3.47,0.241,33.0,3.5,$27.8,138,68
2016,Aaron Sanchez,TOR,23,30,192.0,3.0,1.17,3.55,3.75,161,63,7.55,2.95,0.267,33.5,3.5,$28.0,161,64
2016,Ervin Santana,MIN,33,30,181.1,3.38,1.22,3.81,4.21,149,53,7.4,2.63,0.285,33.4,3.5,$28.0,168,68
2016,Jeremy Hellickson,PHI,29,32,189.0,3.71,1.15,3.98,3.99,154,45,7.33,2.14,0.274,32.0,3.4,$26.9,173,78
2016,Tanner Roark,WSN,29,34,210.0,2.83,1.17,3.79,4.17,172,73,7.37,3.13,0.269,31.5,3.3,$26.3,173,66
2016,Cole Hamels,TEX,32,32,200.2,3.32,1.31,3.98,3.85,200,77,8.97,3.45,0.299,31.9,3.3,$26.4,185,74
2016,Marcus Stroman,TOR,25,32,204.0,4.37,1.29,3.71,3.41,166,54,7.32,2.38,0.308,31.9,3.3,$26.3,209,99
2016,Robbie Ray,ARI,24,32,174.1,4.9,1.47,3.76,3.45,218,71,11.25,3.67,0.352,31.1,3.3,$26.2,185,95
2016,Carlos Martinez,STL,24,31,195.1,3.04,1.22,3.61,3.81,174,70,8.02,3.23,0.286,30.4,3.2,$25.5,169,66
2016,Michael Pineda,NYY,27,32,175.2,4.82,1.35,3.8,3.3,207,53,10.61,2.72,0.339,30.8,3.2,$25.6,184,94
2016,Kevin Gausman,BAL,25,30,179.2,3.61,1.28,4.1,3.77,174,47,8.72,2.35,0.308,29.9,3.1,$24.8,183,72
2016,Drew Pomeranz,- - -,27,31,170.2,3.32,1.18,3.8,3.71,186,65,9.81,3.43,0.268,27.9,3.0,$23.8,137,63
2016,Jerad Eickhoff,PHI,25,33,197.1,3.65,1.16,4.19,4.15,167,42,7.62,1.92,0.278,28.6,3.0,$23.8,187,80
2016,Julio Teheran,ATL,25,30,188.0,3.21,1.05,3.69,4.13,167,41,7.99,1.96,0.26,28.9,3.0,$24.2,157,67
2016,Kenta Maeda,LAD,28,32,175.2,3.48,1.14,3.58,3.7,179,50,9.17,2.56,0.283,27.9,2.9,$23.4,150,68
2016,Danny Duffy,KCR,27,42,179.2,3.51,1.14,3.83,3.79,188,42,9.42,2.1,0.291,28.2,2.9,$23.2,163,70
2016,John Lackey,CHC,37,29,188.1,3.35,1.06,3.81,3.8,180,53,8.6,2.53,0.255,27.6,2.9,$23.0,146,70
2016,Chris Archer,TBR,27,33,201.1,4.02,1.24,3.81,3.41,233,67,10.42,3.0,0.296,28.5,2.9,$23.4,183,90
2016,J.A. Happ,TOR,33,32,195.0,3.18,1.17,3.96,4.18,163,60,7.52,2.77,0.268,27.6,2.8,$22.6,168,69
2016,Adam Wainwright,STL,34,33,198.2,4.62,1.4,3.93,4.06,161,59,7.29,2.67,0.33,26.7,2.8,$22.1,220,102
2016,Gio Gonzalez,WSN,30,32,177.1,4.57,1.34,3.76,3.8,171,59,8.68,2.99,0.316,26.8,2.8,$22.4,179,90
2016,Ricky Nolasco,- - -,33,32,197.2,4.42,1.24,4.14,4.41,144,44,6.56,2.0,0.294,27.3,2.8,$22.3,202,97
2016,Hisashi Iwakuma,SEA,35,33,199.0,4.12,1.33,4.27,4.41,147,46,6.65,2.08,0.311,26.3,2.7,$21.4,218,91
2016,Collin McHugh,HOU,29,33,184.2,4.34,1.41,3.95,4.09,177,54,8.63,2.63,0.338,26.7,2.7,$21.9,206,89
2016,Marco Estrada,TOR,32,29,176.0,3.48,1.12,4.15,4.64,165,65,8.44,3.32,0.234,26.5,2.7,$21.8,132,68
2016,Carlos Rodon,CHW,23,28,165.0,4.04,1.39,4.01,3.89,168,54,9.16,2.95,0.33,26.2,2.7,$21.7,176,74
2016,Trevor Bauer,CLE,25,35,190.0,4.26,1.31,3.99,4.13,168,70,7.96,3.32,0.292,25.5,2.6,$20.9,179,90
2016,CC Sabathia,NYY,35,30,179.2,3.91,1.32,4.28,4.31,152,65,7.61,3.26,0.288,25.8,2.6,$21.1,172,78
2016,Chris Tillman,BAL,28,30,172.0,3.77,1.28,4.23,4.54,140,66,7.33,3.45,0.282,24.2,2.5,$19.8,155,72
2016,Chad Bettis,COL,27,32,186.0,4.79,1.41,4.26,4.14,138,59,6.68,2.85,0.31,24.0,2.5,$19.8,204,99
2016,Zach Davies,MIL,23,28,163.1,3.97,1.25,3.89,3.94,135,38,7.44,2.09,0.302,24.3,2.5,$20.3,166,72
2016,Mike Leake,STL,28,30,176.2,4.69,1.32,3.83,3.76,125,30,6.37,1.53,0.318,23.9,2.5,$19.8,203,92
2016,Bartolo Colon,NYM,43,34,191.2,3.43,1.21,3.99,4.17,128,32,6.01,1.5,0.291,23.7,2.4,$19.5,200,73
2016,Dallas Keuchel,HOU,28,26,168.0,4.55,1.29,3.87,3.53,144,48,7.71,2.57,0.304,23.4,2.4,$19.2,168,85
2016,Ivan Nova,- - -,29,32,162.0,4.17,1.25,4.11,3.7,127,28,7.06,1.56,0.306,21.1,2.3,$18.3,175,75
2016,Martin Perez,TEX,25,33,198.2,4.39,1.41,4.5,4.77,103,76,4.67,3.44,0.286,22.6,2.3,$18.3,205,97
2016,Jeff Samardzija,SFG,31,32,203.1,3.81,1.2,3.85,3.96,167,54,7.39,2.39,0.285,21.9,2.2,$17.9,190,86
2016,Matt Moore,- - -,27,33,198.1,4.08,1.29,4.17,4.56,178,72,8.08,3.27,0.285,19.5,2.0,$15.8,184,90
2016,Ian Kennedy,KCR,31,33,195.2,3.68,1.22,4.67,4.67,184,66,8.46,3.04,0.268,19.5,2.0,$15.7,173,80
2016,Kendall Graveman,OAK,25,31,186.0,4.11,1.31,4.39,4.38,108,47,5.23,2.27,0.289,19.2,1.9,$15.5,196,85
2016,Jake Odorizzi,TBR,26,33,187.2,3.69,1.19,4.31,4.44,166,54,7.96,2.59,0.271,18.4,1.8,$14.8,170,77
2016,Wade Miley,- - -,29,30,166.0,5.37,1.42,4.45,4.04,137,49,7.43,2.66,0.328,17.3,1.8,$14.0,187,99
2016,Drew Smyly,TBR,27,30,175.1,4.88,1.27,4.49,4.51,167,49,8.57,2.52,0.291,18.0,1.8,$14.5,174,95
2016,Edinson Volquez,KCR,32,34,189.1,5.37,1.55,4.57,4.58,139,76,6.61,3.61,0.319,17.3,1.7,$13.9,217,113
2016,Yordano Ventura,KCR,25,32,186.0,4.45,1.44,4.59,4.59,144,78,6.97,3.77,0.297,16.1,1.6,$12.9,190,92
2016,Mike Fiers,HOU,31,31,168.2,4.48,1.36,4.43,4.12,134,42,7.15,2.24,0.313,15.3,1.5,$12.3,187,84
2016,Jason Hammel,CHC,33,30,166.2,3.83,1.21,4.48,4.34,144,53,7.78,2.86,0.267,12.8,1.3,$10.3,148,71
2016,Dan Straily,CIN,27,34,191.1,3.76,1.19,4.88,5.02,162,73,7.62,3.43,0.239,12.3,1.2,$9.9,154,80
2016,Jaime Garcia,STL,29,32,171.2,4.67,1.37,4.49,3.77,150,57,7.86,2.99,0.305,10.8,1.1,$8.7,179,89
2016,Tom Koehler,MIA,30,33,176.2,4.33,1.47,4.6,4.69,147,83,7.49,4.23,0.298,11.1,1.1,$8.9,176,85
2016,Josh Tomlin,CLE,31,30,174.0,4.4,1.19,4.88,4.13,118,20,6.1,1.03,0.276,10.0,1.0,$7.9,187,85
2016,Hector Santiago,- - -,28,33,182.0,4.7,1.36,5.31,5.46,144,79,7.12,3.91,0.26,7.9,0.8,$6.2,169,95
2016,Doug Fister,HOU,32,32,180.1,4.64,1.43,4.75,4.89,115,62,5.74,3.09,0.299,7.9,0.8,$6.2,195,93
2016,R.A. Dickey,TOR,41,30,169.2,4.46,1.37,5.03,4.76,126,63,6.68,3.34,0.279,8.2,0.8,$6.5,169,84
2016,Brandon Finnegan,CIN,23,31,172.0,3.98,1.36,5.19,4.87,145,84,7.59,4.4,0.256,6.8,0.7,$5.4,150,76
2016,Jimmy Nelson,MIL,27,32,179.1,4.62,1.52,5.12,4.91,140,86,7.03,4.32,0.299,5.5,0.5,$4.4,186,92
2016,Francisco Liriano,- - -,32,31,163.0,4.69,1.48,4.89,4.23,168,85,9.28,4.69,0.296,4.3,0.5,$3.7,157,85
2016,Jered Weaver,LAA,33,31,178.0,5.06,1.46,5.62,5.64,103,51,5.21,2.58,0.301,1.2,0.1,$0.9,209,100
2016,James Shields,- - -,34,33,181.2,5.85,1.6,6.01,5.21,135,82,6.69,4.06,0.302,-11.5,-1.0,($8.1),208,118
2017,Chris Sale,BOS,28,32,214.1,2.9,0.97,2.45,2.65,308,43,12.93,1.81,0.301,68.9,7.6,$61.0,165,69
2017,Corey Kluber,CLE,31,29,203.2,2.25,0.87,2.5,2.52,265,36,11.71,1.59,0.267,64.9,7.2,$57.7,141,51
2017,Max Scherzer,WSN,32,31,200.2,2.51,0.9,2.9,3.28,268,55,12.02,2.47,0.245,58.9,6.4,$51.5,126,56
2017,Stephen Strasburg,WSN,28,28,175.1,2.52,1.02,2.72,3.27,204,47,10.47,2.41,0.274,53.8,5.9,$47.2,131,49
2017,Luis Severino,NYY,23,31,193.1,2.98,1.04,3.07,3.04,230,51,10.71,2.37,0.272,52.4,5.6,$44.8,150,64
2017,Carlos Carrasco,CLE,30,32,200.0,3.29,1.1,3.1,3.24,226,46,10.17,2.07,0.307,50.8,5.4,$43.0,173,73
2017,Zack Greinke,ARI,33,32,202.1,3.2,1.07,3.31,3.34,215,45,9.56,2.0,0.285,46.2,4.9,$38.9,172,72
2017,Jimmy Nelson,MIL,28,29,175.1,3.49,1.25,3.05,3.15,199,48,10.21,2.46,0.34,45.2,4.8,$38.5,171,68
2017,Aaron Nola,PHI,24,27,168.0,3.54,1.21,3.27,3.38,184,49,9.86,2.63,0.309,42.7,4.5,$36.4,154,66
2017,Chris Archer,TBR,28,34,201.0,4.07,1.26,3.4,3.35,249,60,11.15,2.69,0.325,43.4,4.5,$35.9,193,91
2017,Clayton Kershaw,LAD,29,27,175.0,2.31,0.95,3.07,2.84,202,30,10.39,1.54,0.267,41.1,4.3,$34.8,136,45
2017,Justin Verlander,- - -,34,33,206.0,3.36,1.17,3.84,4.17,219,72,9.57,3.15,0.271,40.2,4.1,$33.2,170,77
2017,Jacob deGrom,NYM,29,31,201.1,3.53,1.19,3.5,3.23,239,59,10.68,2.64,0.305,40.0,4.1,$33.2,180,79
2017,Jose Quintana,- - -,28,32,188.2,4.15,1.22,3.68,3.73,207,61,9.87,2.91,0.301,38.9,4.0,$32.3,170,87
2017,Gio Gonzalez,WSN,31,32,201.0,2.96,1.18,3.93,4.24,188,79,8.42,3.54,0.258,36.9,3.8,$30.3,158,66
2017,Jeff Samardzija,SFG,32,32,207.2,4.42,1.14,3.61,3.6,205,32,8.88,1.39,0.303,36.8,3.8,$30.2,204,102
2017,Yu Darvish,- - -,30,31,186.2,3.86,1.16,3.83,3.65,209,58,10.08,2.8,0.283,35.8,3.7,$29.4,159,80
2017,Michael Fulmer,DET,24,25,164.2,3.83,1.15,3.67,4.24,114,40,6.23,2.19,0.273,35.0,3.6,$29.1,150,70
2017,Marcus Stroman,TOR,26,33,201.0,3.09,1.31,3.9,3.58,164,62,7.34,2.78,0.31,33.6,3.4,$27.2,201,69
2017,Gerrit Cole,PIT,26,33,203.0,4.26,1.25,4.08,3.81,196,55,8.69,2.44,0.298,33.3,3.4,$27.1,199,96
2017,Robbie Ray,ARI,25,28,162.0,2.89,1.15,3.72,3.49,218,71,12.11,3.94,0.267,31.9,3.3,$26.4,116,52
2017,Carlos Martinez,STL,25,32,205.0,3.64,1.22,3.91,3.63,217,71,9.53,3.12,0.284,31.5,3.2,$25.5,179,83
2017,Michael Wacha,STL,25,30,165.2,4.13,1.36,3.63,3.88,158,55,8.58,2.99,0.327,30.5,3.1,$25.0,170,76
2017,Drew Pomeranz,BOS,28,32,173.2,3.32,1.35,3.84,4.15,174,69,9.02,3.58,0.31,29.3,3.0,$23.7,166,64
2017,Patrick Corbin,ARI,27,33,189.2,4.03,1.42,4.08,3.89,178,61,8.45,2.89,0.326,30.0,3.0,$24.3,208,85
2017,Jon Lester,CHC,33,32,180.2,4.33,1.32,4.1,3.85,180,60,8.97,2.99,0.31,28.3,2.9,$22.9,179,87
2017,Mike Leake,- - -,29,31,186.0,3.92,1.28,3.9,3.91,130,37,6.29,1.79,0.309,28.2,2.9,$23.4,201,81
2017,Trevor Bauer,CLE,26,32,176.1,4.19,1.37,3.88,3.6,196,60,10.0,3.06,0.337,28.0,2.8,$22.5,181,82
2017,Dylan Bundy,BAL,24,28,169.2,4.24,1.2,4.38,4.77,152,51,8.06,2.71,0.273,27.5,2.8,$22.2,152,80
2017,Tanner Roark,WSN,30,32,181.1,4.67,1.33,4.13,4.15,166,64,8.24,3.18,0.3,27.2,2.8,$22.0,178,94
2017,Zach Davies,MIL,24,33,191.1,3.9,1.35,4.22,4.42,124,55,5.83,2.59,0.302,26.7,2.7,$21.5,204,83
2017,Ervin Santana,MIN,34,33,211.1,3.28,1.13,4.46,4.77,167,61,7.11,2.6,0.245,27.3,2.7,$21.7,177,77
2017,Sonny Gray,- - -,27,27,162.1,3.55,1.21,3.9,3.76,153,57,8.48,3.16,0.269,26.8,2.7,$22.0,139,64
2017,Masahiro Tanaka,NYY,28,30,178.1,4.74,1.24,4.34,3.44,194,41,9.79,2.07,0.305,26.0,2.6,$20.8,180,94
2017,Kevin Gausman,BAL,26,34,186.2,4.68,1.49,4.48,4.33,179,71,8.63,3.42,0.336,25.7,2.6,$20.5,208,97
2017,Marco Estrada,TOR,33,33,186.0,4.98,1.38,4.61,5.09,176,71,8.52,3.44,0.295,25.9,2.6,$20.7,186,103
2017,Jake Arrieta,CHC,31,30,168.1,3.53,1.22,4.16,4.11,163,55,8.71,2.94,0.279,25.0,2.5,$20.2,150,66
2017,German Marquez,COL,22,29,162.0,4.39,1.38,4.4,4.18,147,49,8.17,2.72,0.316,24.2,2.4,$19.5,174,79
2017,Jhoulys Chacin,SDP,29,32,180.1,3.89,1.27,4.26,4.54,153,72,7.64,3.59,0.272,23.3,2.3,$18.6,157,78
2017,Jason Hammel,KCR,34,32,180.1,5.29,1.43,4.37,4.92,145,48,7.24,2.4,0.318,23.2,2.3,$18.4,209,106
2017,Martin Perez,TEX,26,32,185.0,4.82,1.54,4.65,4.7,115,63,5.59,3.06,0.328,22.5,2.2,$17.8,221,99
2017,Alex Cobb,TBR,29,29,179.1,3.66,1.22,4.16,4.24,128,44,6.42,2.21,0.282,22.6,2.2,$17.9,175,73
2017,Andrew Cashner,TEX,30,28,166.2,3.4,1.32,4.61,5.3,86,64,4.64,3.46,0.266,22.4,2.2,$17.8,156,63
2017,Ivan Nova,PIT,30,31,187.0,4.14,1.28,4.46,4.19,131,36,6.3,1.73,0.299,22.3,2.2,$17.8,203,86
2017,Clayton Richard,SDP,33,32,197.1,4.79,1.52,4.23,3.76,151,59,6.89,2.69,0.351,22.0,2.2,$17.4,240,105
2017,Rick Porcello,BOS,28,33,203.1,4.65,1.4,4.6,4.43,181,48,8.01,2.12,0.324,20.6,2.0,$16.2,236,105
2017,Dan Straily,MIA,28,33,181.2,4.26,1.3,4.58,4.7,170,60,8.42,2.97,0.288,20.2,2.0,$16.0,176,86
2017,Jason Vargas,KCR,34,32,179.2,4.16,1.33,4.67,4.94,134,58,6.71,2.91,0.289,18.3,1.8,$14.3,181,83
2017,Luis Perdomo,SDP,24,29,163.2,4.67,1.51,4.4,4.24,118,65,6.49,3.57,0.325,17.2,1.7,$13.6,182,85
2017,R.A. Dickey,ATL,42,31,190.0,4.26,1.37,4.72,4.79,136,67,6.44,3.17,0.29,15.8,1.5,$12.3,193,90
2017,Lance Lynn,STL,30,33,186.1,3.43,1.23,4.82,4.75,153,78,7.39,3.77,0.244,12.5,1.2,$9.8,151,71
2017,Ty Blach,SFG,26,34,163.2,4.78,1.36,4.42,5.01,73,43,4.01,2.36,0.29,12.4,1.2,$9.7,179,87
2017,Julio Teheran,ATL,26,32,188.1,4.49,1.37,4.95,4.96,151,72,7.22,3.44,0.281,10.4,1.0,$8.0,186,94
2017,Matt Moore,SFG,28,32,174.1,5.52,1.53,4.75,5.1,148,67,7.64,3.46,0.32,10.0,1.0,$7.7,200,107
2017,John Lackey,CHC,38,31,170.2,4.59,1.28,5.3,4.62,149,53,7.86,2.79,0.268,5.9,0.6,$4.5,165,87
2017,Ricky Nolasco,LAA,34,33,181.0,4.92,1.45,5.1,4.79,143,58,7.11,2.88,0.31,6.4,0.6,$4.9,205,99
2017,Jeremy Hellickson,- - -,30,30,164.0,5.43,1.26,5.77,5.51,96,47,5.27,2.58,0.246,3.1,0.3,$2.4,160,99
2017,Jose Urena,MIA,25,34,169.2,3.82,1.27,5.2,5.29,113,64,5.99,3.39,0.249,1.9,0.2,$1.4,152,72
2018,Jacob deGrom,NYM,30,32,217.0,1.7,0.91,1.99,2.6,269,46,11.16,1.91,0.281,75.8,9.0,$72.3,152,41
2018,Max Scherzer,WSN,33,33,220.2,2.53,0.91,2.65,3.06,300,51,12.24,2.08,0.265,65.0,7.5,$59.8,150,62
2018,Justin Verlander,HOU,35,34,214.0,2.52,0.9,2.78,3.03,290,37,12.2,1.56,0.272,59.6,6.6,$52.6,156,60
2018,Gerrit Cole,HOU,27,32,200.1,2.88,1.03,2.7,3.03,276,64,12.4,2.88,0.286,53.8,5.9,$47.2,143,64
2018,Trevor Bauer,CLE,27,28,175.1,2.21,1.09,2.44,3.13,221,57,11.34,2.93,0.297,52.2,5.8,$46.6,134,43
2018,Patrick Corbin,ARI,28,33,200.0,3.15,1.05,2.47,2.61,246,48,11.07,2.16,0.302,51.6,5.8,$46.1,162,70
2018,Corey Kluber,CLE,32,33,215.0,2.89,0.99,3.12,3.08,222,34,9.29,1.42,0.276,50.6,5.5,$43.7,179,69
2018,Aaron Nola,PHI,25,33,212.1,2.37,0.97,3.01,3.21,224,58,9.49,2.46,0.251,49.6,5.5,$43.9,149,56
2018,Luis Severino,NYY,24,32,191.1,3.39,1.14,2.95,3.1,220,46,10.35,2.16,0.314,49.5,5.4,$43.1,173,72
2018,Carlos Carrasco,CLE,31,32,192.0,3.37,1.12,2.94,2.9,231,43,10.83,2.02,0.315,48.0,5.2,$41.6,173,72
2018,Blake Snell,TBR,25,31,180.2,1.89,0.97,2.94,3.16,221,64,11.01,3.19,0.241,44.0,4.7,$38.0,112,38
2018,Miles Mikolas,STL,29,32,200.2,2.83,1.07,3.28,3.67,146,29,6.55,1.3,0.279,39.3,4.3,$34.0,186,63
2018,Mike Clevinger,CLE,27,32,200.0,3.01,1.15,3.52,3.86,207,67,9.31,3.01,0.28,39.6,4.2,$33.4,164,67
2018,Zack Wheeler,NYM,28,29,182.1,3.31,1.12,3.25,3.81,179,55,8.84,2.71,0.279,38.6,4.2,$33.7,150,67
2018,Kyle Freeland,COL,25,33,202.1,2.85,1.25,3.67,4.22,173,70,7.7,3.11,0.285,37.9,4.1,$32.6,182,64
2018,German Marquez,COL,23,33,196.0,3.77,1.2,3.4,3.1,230,57,10.56,2.62,0.311,37.9,4.1,$32.7,179,82
2018,Jameson Taillon,PIT,26,32,191.0,3.2,1.18,3.46,3.58,179,46,8.43,2.17,0.298,36.1,3.9,$31.0,179,68
2018,Mike Foltynewicz,ATL,26,31,183.0,2.85,1.08,3.37,3.77,202,68,9.93,3.34,0.251,35.5,3.8,$30.6,130,58
2018,Marco Gonzales,SEA,26,29,166.2,4.0,1.22,3.43,3.59,145,32,7.83,1.73,0.319,33.1,3.5,$27.9,172,74
2018,Kyle Hendricks,CHC,28,33,199.0,3.44,1.15,3.78,3.87,161,44,7.28,1.99,0.281,32.0,3.4,$27.2,184,76
2018,Dallas Keuchel,HOU,30,34,204.2,3.74,1.31,3.69,3.84,153,58,6.73,2.55,0.3,31.0,3.2,$25.5,211,85
2018,Jose Berrios,MIN,24,32,192.1,3.84,1.14,3.9,3.89,202,61,9.45,2.85,0.27,29.8,3.1,$24.6,159,82
2018,J.A. Happ,- - -,35,31,177.2,3.65,1.13,3.98,3.88,193,51,9.78,2.58,0.272,28.7,3.0,$23.8,150,72
2018,Andrew Heaney,LAA,27,30,180.0,4.15,1.2,3.99,3.68,180,45,9.0,2.25,0.294,28.1,2.9,$23.2,171,83
2018,Charlie Morton,HOU,34,30,167.0,3.13,1.16,3.59,3.42,201,64,10.83,3.45,0.283,27.4,2.8,$22.7,130,58
2018,Nick Pivetta,PHI,25,33,164.0,4.77,1.3,3.79,3.42,188,51,10.32,2.8,0.326,26.8,2.8,$22.7,163,87
2018,Zack Greinke,ARI,34,33,207.2,3.21,1.08,3.7,3.44,199,43,8.62,1.86,0.272,26.1,2.7,$21.7,181,74
2018,Trevor Williams,PIT,26,31,170.2,3.11,1.18,3.86,4.54,126,55,6.64,2.9,0.261,25.8,2.7,$21.7,146,59
2018,Kyle Gibson,MIN,30,32,196.2,3.62,1.3,4.13,3.91,179,79,8.19,3.62,0.285,25.3,2.6,$20.6,177,79
2018,Jake Odorizzi,MIN,28,32,164.1,4.49,1.34,4.19,4.87,162,70,8.87,3.83,0.29,24.7,2.5,$20.3,151,82
2018,Rick Porcello,BOS,29,33,191.1,4.28,1.18,4.01,3.87,190,48,8.94,2.26,0.285,24.0,2.4,$19.6,177,91
2018,David Price,BOS,32,30,176.0,3.58,1.14,4.02,3.95,177,50,9.05,2.56,0.274,23.9,2.4,$19.5,151,70
2018,Jon Gray,COL,26,31,172.1,5.12,1.35,4.08,3.47,183,52,9.56,2.72,0.322,23.4,2.4,$19.6,180,98
2018,Derek Holland,SFG,31,36,171.1,3.57,1.29,3.87,4.07,169,67,8.88,3.52,0.288,22.5,2.4,$18.8,154,68
2018,Jhoulys Chacin,MIL,30,35,192.2,3.5,1.16,4.03,4.47,156,71,7.29,3.32,0.25,21.9,2.3,$18.2,153,75
2018,Zack Godley,ARI,28,33,178.1,4.74,1.45,3.82,3.96,185,81,9.34,4.09,0.324,22.1,2.3,$18.4,177,94
2018,Kevin Gausman,- - -,27,31,183.2,3.92,1.3,4.32,4.19,148,50,7.25,2.45,0.299,22.8,2.3,$18.7,189,80
2018,Mike Leake,SEA,30,31,185.2,4.36,1.3,4.14,4.15,119,34,5.77,1.65,0.306,22.6,2.3,$18.4,207,90
2018,Reynaldo Lopez,CHW,24,32,188.2,3.91,1.27,4.63,5.22,151,75,7.2,3.58,0.26,23.0,2.3,$18.7,165,82
2018,Gio Gonzalez,- - -,32,32,171.0,4.21,1.44,4.16,4.44,148,80,7.79,4.21,0.301,20.8,2.2,$17.3,167,80
2018,Luis Castillo,CIN,25,31,169.2,4.3,1.22,4.32,3.69,165,49,8.75,2.6,0.282,20.9,2.2,$17.4,158,81
2018,Cole Hamels,- - -,34,32,190.2,3.78,1.26,4.49,3.95,188,65,8.87,3.07,0.291,20.9,2.2,$17.5,176,80
2018,Tanner Roark,WSN,31,31,180.1,4.34,1.28,4.27,4.42,146,50,7.29,2.5,0.296,20.5,2.2,$17.2,181,87
2018,Matthew Boyd,DET,27,31,170.1,4.39,1.16,4.45,4.72,159,51,8.4,2.69,0.258,21.4,2.2,$17.4,146,83
2018,Jake Arrieta,PHI,32,31,172.2,3.96,1.29,4.26,4.08,138,57,7.19,2.97,0.287,19.2,2.0,$15.9,165,76
2018,Sean Newcomb,ATL,25,31,164.0,3.9,1.33,4.14,4.33,160,81,8.78,4.45,0.273,18.6,1.9,$15.4,137,71
2018,Jon Lester,CHC,34,32,181.2,3.32,1.31,4.39,4.43,149,64,7.38,3.17,0.29,17.9,1.8,$14.7,174,67
2018,Tyler Anderson,COL,28,32,176.0,4.55,1.27,4.57,4.21,164,59,8.39,3.02,0.281,17.7,1.8,$14.5,165,89
2018,Jose Urena,MIA,26,31,174.0,3.98,1.18,4.17,4.32,130,51,6.72,2.64,0.272,16.1,1.7,$13.2,155,77
2018,Jose Quintana,CHC,29,32,174.1,4.03,1.32,4.43,4.18,158,68,8.16,3.51,0.282,15.3,1.6,$12.6,162,78
2018,Wade LeBlanc,SEA,33,32,162.0,3.72,1.18,4.28,4.47,130,40,7.22,2.22,0.273,16.1,1.6,$13.0,151,67
2018,Jakob Junis,KCR,25,30,177.0,4.37,1.27,4.64,4.13,164,43,8.34,2.19,0.298,14.8,1.5,$11.8,182,86
2018,Mike Fiers,- - -,33,31,172.0,3.56,1.18,4.75,4.51,139,37,7.27,1.94,0.269,14.0,1.4,$11.6,166,68
2018,Ivan Nova,PIT,31,29,161.0,4.19,1.28,4.57,4.28,114,35,6.37,1.96,0.288,12.2,1.2,$9.9,171,75
2018,James Shields,CHW,36,34,204.2,4.53,1.31,5.09,5.09,154,78,6.77,3.43,0.262,12.4,1.2,$9.8,190,103
2018,Dylan Bundy,BAL,25,31,171.2,5.45,1.41,5.17,4.28,184,54,9.65,2.83,0.316,10.0,1.0,$7.9,188,104
2018,Julio Teheran,ATL,27,31,175.2,3.94,1.17,4.83,4.72,162,84,8.3,4.3,0.217,7.4,0.7,$5.9,122,77
2018,Lucas Giolito,CHW,23,32,173.1,6.13,1.48,5.56,5.46,125,90,6.49,4.67,0.268,0.6,0.1,$0.5,166,118
2019,Gerrit Cole,HOU,28,33,212.1,2.5,0.89,2.64,2.48,326,48,13.82,2.03,0.275,70.1,7.5,$59.8,142,59
2019,Jacob deGrom,NYM,31,32,204.0,2.43,0.97,2.67,3.11,255,44,11.25,1.94,0.282,64.4,6.9,$55.5,154,55
2019,Lance Lynn,TEX,32,33,208.1,3.67,1.22,3.13,3.85,246,59,10.63,2.55,0.322,64.2,6.8,$54.0,195,85
2019,Max Scherzer,WSN,34,27,172.1,2.92,1.03,2.45,2.88,243,33,12.69,1.72,0.321,59.2,6.5,$51.8,144,56
2019,Justin Verlander,HOU,36,34,223.0,2.58,0.8,3.27,3.18,300,42,12.11,1.7,0.218,61.9,6.4,$51.4,137,64
2019,Charlie Morton,TBR,35,33,194.2,3.05,1.08,2.81,3.28,240,57,11.1,2.64,0.298,57.6,6.0,$47.9,154,66
2019,Stephen Strasburg,WSN,30,33,209.0,3.32,1.04,3.25,3.17,251,56,10.81,2.41,0.274,53.7,5.6,$44.8,161,77
2019,Shane Bieber,CLE,24,34,214.1,3.28,1.05,3.32,3.23,259,40,10.88,1.68,0.296,53.8,5.5,$44.0,186,78
2019,Zack Greinke,- - -,35,33,208.2,2.93,0.98,3.22,3.74,187,30,8.07,1.29,0.271,51.7,5.3,$42.7,175,68
2019,Lucas Giolito,CHW,24,29,176.2,3.41,1.06,3.43,3.66,228,57,11.62,2.9,0.273,49.9,5.2,$41.3,131,67
2019,Walker Buehler,LAD,24,30,182.1,3.26,1.04,3.01,3.37,215,37,10.61,1.83,0.29,49.0,5.1,$41.0,153,66
2019,Hyun-Jin Ryu,LAD,32,29,182.2,2.32,1.01,3.1,3.32,163,24,8.03,1.18,0.278,47.4,4.9,$39.6,160,47
2019,Patrick Corbin,WSN,29,33,202.0,3.25,1.18,3.49,3.59,238,70,10.6,3.12,0.29,45.8,4.7,$37.5,169,73
2019,Jack Flaherty,STL,23,33,196.1,2.75,0.97,3.46,3.64,231,55,10.59,2.52,0.242,45.4,4.7,$37.3,135,60
2019,Zack Wheeler,NYM,29,31,195.1,3.96,1.26,3.48,4.06,195,50,8.98,2.3,0.311,45.0,4.6,$37.0,196,86
2019,Sonny Gray,CIN,29,31,175.1,2.87,1.08,3.42,3.65,205,68,10.52,3.49,0.255,43.5,4.5,$35.9,122,56
2019,Jose Berrios,MIN,25,32,200.1,3.68,1.22,3.85,4.32,195,51,8.76,2.29,0.299,43.4,4.4,$34.8,194,82
2019,Noah Syndergaard,NYM,26,32,197.2,4.28,1.23,3.6,3.83,202,50,9.2,2.28,0.313,42.3,4.3,$34.5,194,94
2019,Luis Castillo,CIN,26,32,190.2,3.4,1.14,3.7,3.48,226,79,10.67,3.73,0.262,41.3,4.2,$33.6,139,72
2019,Mike Minor,TEX,31,32,208.1,3.59,1.24,4.25,4.6,200,68,8.64,2.94,0.287,41.7,4.1,$33.2,190,83
2019,Kyle Hendricks,CHC,29,30,177.0,3.46,1.13,3.61,4.26,150,32,7.63,1.63,0.287,40.1,4.1,$32.8,168,68
2019,Mike Soroka,ATL,21,29,174.2,2.68,1.11,3.45,3.85,142,41,7.32,2.11,0.28,39.2,4.0,$32.1,153,52
2019,Marcus Stroman,- - -,28,32,184.1,3.22,1.31,3.72,3.99,159,58,7.76,2.83,0.307,38.3,3.8,$30.8,183,66
2019,Eduardo Rodriguez,BOS,26,34,203.1,3.81,1.33,3.86,4.1,213,75,9.43,3.32,0.317,37.6,3.7,$29.6,195,86
2019,Clayton Kershaw,LAD,31,29,178.1,3.03,1.04,3.86,3.5,189,41,9.54,2.07,0.262,35.2,3.6,$28.4,145,60
2019,Marco Gonzales,SEA,27,34,203.0,3.99,1.31,4.15,5.11,147,56,6.52,2.48,0.295,36.7,3.6,$28.9,210,90
2019,Jose Quintana,CHC,30,32,171.0,4.68,1.39,3.8,4.2,152,46,8.0,2.42,0.326,34.5,3.5,$27.9,191,89
2019,Aaron Nola,PHI,26,34,202.1,3.87,1.27,4.03,3.82,229,80,10.19,3.56,0.295,34.5,3.4,$27.5,176,87
2019,German Marquez,COL,24,28,174.0,4.76,1.2,4.06,3.54,175,35,9.05,1.81,0.304,33.1,3.3,$26.7,174,92
2019,Joe Musgrove,PIT,26,32,170.1,4.44,1.22,3.82,4.31,157,39,8.3,2.06,0.299,32.8,3.3,$26.4,168,84
2019,Madison Bumgarner,SFG,29,34,207.2,3.9,1.13,3.9,4.31,203,43,8.8,1.86,0.289,33.0,3.3,$26.2,191,90
2019,Masahiro Tanaka,NYY,30,32,182.0,4.45,1.24,4.27,4.29,149,40,7.37,1.98,0.293,32.8,3.2,$25.8,186,90
2019,Trevor Bauer,- - -,28,34,213.0,4.48,1.25,4.34,4.33,253,82,10.69,3.46,0.287,33.0,3.2,$25.8,184,106
2019,Matthew Boyd,DET,28,32,185.1,4.56,1.23,4.32,3.88,238,50,11.56,2.43,0.307,32.5,3.2,$25.5,178,94
2019,Max Fried,ATL,25,33,165.2,4.02,1.33,3.72,3.32,173,47,9.4,2.55,0.336,30.0,3.0,$24.0,174,74
2019,Homer Bailey,- - -,33,31,163.1,4.57,1.32,4.11,4.43,149,53,8.21,2.92,0.301,29.1,2.9,$23.0,162,83
2019,Jon Lester,CHC,35,31,171.2,4.46,1.5,4.26,4.35,165,52,8.65,2.73,0.347,27.8,2.8,$22.0,205,85
2019,Anthony DeSclafani,CIN,29,31,166.2,3.89,1.2,4.43,4.3,167,49,9.02,2.65,0.273,25.9,2.6,$20.5,151,72
2019,Yu Darvish,CHC,32,31,178.2,3.98,1.1,4.18,3.39,229,56,11.54,2.82,0.266,26.2,2.6,$20.7,140,79
2019,Anibal Sanchez,WSN,35,30,166.0,3.85,1.27,4.44,5.1,134,58,7.27,3.14,0.265,24.4,2.4,$19.2,153,71
2019,Reynaldo Lopez,CHW,25,33,184.0,5.38,1.46,5.04,5.27,169,65,8.27,3.18,0.316,24.9,2.4,$19.2,203,110
2019,Miles Mikolas,STL,30,32,184.0,4.16,1.22,4.27,4.18,144,32,7.04,1.57,0.302,24.7,2.4,$19.3,193,85
2019,Robbie Ray,ARI,27,33,174.1,4.34,1.34,4.29,3.76,235,84,12.13,4.34,0.305,23.3,2.3,$18.3,150,84
2019,Sandy Alcantara,MIA,23,32,197.1,3.88,1.32,4.55,5.17,151,81,6.89,3.69,0.271,23.6,2.3,$18.4,179,85
2019,Brad Keller,KCR,23,28,165.1,4.19,1.35,4.35,4.94,122,70,6.64,3.81,0.282,23.2,2.2,$17.9,154,77
2019,Adam Wainwright,STL,37,31,171.2,4.19,1.43,4.36,4.39,153,64,8.02,3.36,0.319,21.3,2.1,$16.6,181,80
2019,Ivan Nova,CHW,32,34,187.0,4.72,1.45,4.98,4.91,114,47,5.49,2.26,0.322,22.0,2.1,$16.8,225,98
2019,Joey Lucchesi,SDP,26,30,163.2,4.18,1.22,4.17,4.36,158,56,8.69,3.08,0.271,21.4,2.1,$16.7,144,76
2019,Wade Miley,HOU,32,33,167.1,3.98,1.34,4.51,4.52,140,61,7.53,3.28,0.287,21.0,2.0,$16.2,164,74
2019,Brett Anderson,OAK,31,31,176.0,3.89,1.31,4.57,4.79,90,49,4.6,2.51,0.278,20.7,2.0,$15.8,181,76
2019,Tanner Roark,- - -,32,31,165.1,4.35,1.4,4.67,4.64,158,51,8.6,2.78,0.322,20.5,2.0,$16.3,180,80
2019,Merrill Kelly,ARI,30,32,183.1,4.42,1.31,4.51,4.58,158,57,7.76,2.8,0.292,19.4,1.9,$15.0,184,90
2019,Martin Perez,MIN,28,32,165.1,5.12,1.52,4.66,4.69,135,67,7.35,3.65,0.316,19.4,1.9,$14.8,184,94
2019,Rick Porcello,BOS,30,32,174.1,5.52,1.39,4.76,5.14,143,45,7.38,2.32,0.308,18.7,1.8,$14.3,198,107
2019,Mike Fiers,OAK,34,33,184.2,3.9,1.19,4.97,5.19,126,53,6.14,2.58,0.254,18.1,1.7,$13.7,166,80
2019,Julio Teheran,ATL,28,33,174.2,3.81,1.32,4.66,5.26,162,83,8.35,4.28,0.266,16.8,1.6,$12.9,148,74
2019,Jeff Samardzija,SFG,34,32,181.1,3.52,1.11,4.59,5.02,140,49,6.95,2.43,0.24,16.0,1.5,$12.3,152,71
2019,Zach Eflin,PHI,25,32,163.1,4.13,1.35,4.85,4.76,129,48,7.11,2.64,0.291,15.6,1.5,$12.0,172,75
2019,Jakob Junis,KCR,26,31,175.1,5.24,1.43,4.82,4.63,164,58,8.42,2.98,0.318,16.3,1.5,$12.3,192,102
2019,Dakota Hudson,STL,24,33,174.2,3.35,1.41,4.93,4.55,136,86,7.01,4.43,0.274,9.8,0.9,$7.5,160,65
2019,Mike Leake,- - -,31,32,197.0,4.29,1.29,5.19,4.76,127,27,5.8,1.23,0.295,9.1,0.9,$7.0,227,94
2020,Shane Bieber,CLE,25,12,77.1,1.63,0.87,2.07,2.04,122,21,14.2,2.44,0.267,28.5,3.1,$25.2,46,14
2020,Yu Darvish,CHC,33,12,76.0,2.01,0.96,2.23,2.82,93,14,11.01,1.66,0.295,27.0,2.9,$23.5,59,17
2020,Trevor Bauer,CIN,29,11,73.0,1.73,0.79,2.88,3.25,100,17,12.33,2.1,0.215,23.8,2.6,$20.5,41,14
2020,Jacob deGrom,NYM,32,12,68.0,2.38,0.96,2.26,2.46,104,18,13.76,2.38,0.288,24.2,2.6,$20.8,47,18
2020,Dinelson Lamet,SDP,27,12,69.0,2.09,0.86,2.48,3.3,93,20,12.13,2.61,0.234,23.1,2.5,$19.7,39,16
2020,Luis Castillo,CIN,27,12,70.0,3.21,1.23,2.65,2.82,89,24,11.44,3.09,0.329,23.0,2.4,$19.6,62,25
2020,German Marquez,COL,25,13,81.2,3.75,1.26,3.28,3.83,73,25,8.04,2.76,0.3,22.3,2.3,$18.6,78,34
2020,Zack Greinke,HOU,36,12,67.0,4.03,1.13,2.8,3.51,67,9,9.0,1.21,0.321,20.5,2.2,$17.3,67,30
2020,Kenta Maeda,MIN,32,11,66.2,2.7,0.75,3.0,2.63,80,10,10.8,1.35,0.208,19.5,2.1,$16.4,40,20
2020,Dylan Bundy,LAA,27,11,65.2,3.29,1.04,2.95,3.75,72,17,9.87,2.33,0.272,19.5,2.1,$16.5,51,24
2020,Brandon Woodruff,MIL,27,13,73.2,3.05,0.99,3.2,3.29,91,18,11.12,2.2,0.269,19.9,2.1,$16.4,55,25
2020,Marco Gonzales,SEA,28,11,69.2,3.1,0.95,3.32,4.13,64,7,8.27,0.9,0.263,18.7,2.0,$15.6,59,24
2020,Aaron Nola,PHI,27,12,71.1,3.28,1.08,3.19,2.79,96,23,12.11,2.9,0.283,19.0,2.0,$15.7,54,26
2020,Framber Valdez,HOU,26,11,70.2,3.57,1.12,2.85,2.94,76,16,9.68,2.04,0.312,19.1,2.0,$16.1,63,28
2020,Lucas Giolito,CHW,25,12,72.1,3.48,1.04,3.19,3.35,97,28,12.07,3.48,0.255,19.6,2.0,$16.3,47,28
2020,Kyle Hendricks,CHC,30,12,81.1,2.88,1.0,3.55,3.78,64,8,7.08,0.89,0.272,18.5,1.9,$15.1,73,26
2020,Hyun-Jin Ryu,TOR,33,12,67.0,2.69,1.15,3.01,3.32,72,17,9.67,2.28,0.302,18.3,1.9,$15.2,60,20
2020,Zack Wheeler,PHI,30,11,71.0,2.92,1.17,3.22,3.76,53,16,6.72,2.03,0.306,18.7,1.9,$15.5,67,23
2020,Dallas Keuchel,CHW,32,11,63.1,1.99,1.09,3.08,3.98,42,17,5.97,2.42,0.255,17.6,1.8,$14.7,52,14
2020,Max Scherzer,WSN,35,12,67.1,3.74,1.38,3.46,3.53,92,23,12.3,3.07,0.355,17.9,1.8,$14.7,70,28
2020,Andrew Heaney,LAA,29,12,66.2,4.45,1.23,3.79,4.15,70,19,9.45,2.56,0.302,14.6,1.5,$11.8,63,33
2020,Carlos Carrasco,CLE,33,12,68.0,2.91,1.21,3.59,3.65,82,27,10.85,3.57,0.292,14.5,1.5,$11.7,55,22
2020,Zach Davies,SDP,27,12,69.1,2.73,1.07,3.88,4.14,63,19,8.18,2.47,0.249,13.8,1.4,$11.0,55,21
2020,Gerrit Cole,NYY,29,12,73.0,2.84,0.96,3.89,3.38,94,17,11.59,2.1,0.242,14.0,1.4,$11.3,53,23
2020,Lance Lynn,TEX,33,13,84.0,3.32,1.06,4.19,4.34,89,25,9.54,2.68,0.242,14.5,1.4,$11.5,64,31
2020,Zac Gallen,ARI,24,12,72.0,2.75,1.11,3.66,3.62,82,25,10.25,3.13,0.266,14.2,1.4,$11.4,55,22
2020,Chris Bassitt,OAK,31,11,63.0,2.29,1.16,3.59,4.49,55,17,7.86,2.43,0.276,12.8,1.3,$10.3,56,16
2020,Aaron Civale,CLE,25,12,74.0,4.74,1.32,4.03,3.92,69,16,8.39,1.95,0.333,11.8,1.2,$9.3,82,39
2020,Patrick Corbin,WSN,30,11,65.2,4.66,1.57,4.17,4.12,60,18,8.22,2.47,0.362,12.0,1.2,$9.6,85,34
2020,Antonio Senzatela,COL,25,12,73.1,3.44,1.21,4.57,4.81,41,18,5.03,2.21,0.268,11.2,1.1,$8.8,71,28
2020,Jose Berrios,MIN,26,12,63.0,4.0,1.32,4.06,4.28,68,26,9.71,3.71,0.295,10.7,1.1,$8.4,57,28
2020,Adam Wainwright,STL,38,10,65.2,3.15,1.05,4.11,4.23,54,15,7.4,2.06,0.247,10.4,1.0,$8.2,54,23
2020,Brady Singer,KCR,23,12,64.1,4.06,1.17,4.08,4.05,61,23,8.53,3.22,0.26,10.5,1.0,$8.2,52,29
2020,Kyle Freeland,COL,27,13,70.2,4.33,1.42,4.65,4.55,46,23,5.86,2.93,0.305,10.2,1.0,$8.0,77,34
2020,Johnny Cueto,SFG,34,12,63.1,5.4,1.37,4.64,4.78,56,26,7.96,3.69,0.284,5.4,0.5,$4.1,61,38
2020,Martin Perez,BOS,29,12,62.0,4.5,1.34,4.88,5.2,46,28,6.68,4.06,0.266,4.7,0.4,$3.6,55,31
2020,Jon Lester,CHC,36,12,61.0,5.16,1.33,5.14,5.11,42,17,6.2,2.51,0.276,2.4,0.2,$1.8,64,35
2020,Kyle Gibson,TEX,32,12,67.1,5.35,1.53,5.39,4.36,58,30,7.75,4.01,0.313,2.1,0.2,$1.6,73,40
2020,Alec Mills,CHC,28,11,62.1,4.48,1.16,5.44,4.61,46,19,6.64,2.74,0.233,1.6,0.1,$1.1,53,31
2020,Matthew Boyd,DET,29,12,60.1,6.71,1.48,5.78,4.97,60,22,8.95,3.28,0.308,-0.7,-0.1,($0.5),67,45
2021,Corbin Burnes,MIL,26,28,167.0,2.43,0.94,1.63,2.3,234,34,12.61,1.83,0.309,65.3,7.5,$59.8,123,45
2021,Zack Wheeler,PHI,31,32,213.1,2.78,1.01,2.59,2.84,247,46,10.42,1.94,0.288,65.3,7.2,$57.8,169,66
2021,Nathan Eovaldi,BOS,31,32,182.1,3.75,1.19,2.79,3.48,195,35,9.63,1.73,0.326,53.1,5.7,$45.8,182,76
2021,Walker Buehler,LAD,26,33,207.2,2.47,0.97,3.16,3.57,212,52,9.19,2.25,0.247,52.0,5.6,$44.4,149,57
2021,Max Scherzer,- - -,36,30,179.1,2.46,0.86,2.97,3.24,236,36,11.84,1.81,0.247,49.2,5.4,$43.0,119,49
2021,Gerrit Cole,NYY,30,30,181.1,3.23,1.06,2.92,2.93,243,41,12.06,2.03,0.305,48.4,5.2,$41.5,151,65
2021,Julio Urias,LAD,24,32,185.2,2.96,1.02,3.13,3.73,195,38,9.45,1.84,0.272,47.4,5.0,$40.3,151,61
2021,Kevin Gausman,SFG,30,33,192.0,2.81,1.04,3.0,3.28,227,50,10.64,2.34,0.274,45.6,4.8,$38.4,150,60
2021,Brandon Woodruff,MIL,28,30,179.1,2.56,0.96,2.96,3.05,211,43,10.59,2.16,0.261,44.7,4.7,$38.0,130,51
2021,Charlie Morton,ATL,37,33,185.2,3.34,1.04,3.18,3.31,216,58,10.47,2.81,0.267,43.2,4.5,$36.3,136,69
2021,Dylan Cease,CHW,25,32,165.2,3.91,1.25,3.41,3.72,226,68,12.28,3.69,0.309,42.5,4.5,$35.9,139,72
2021,Aaron Nola,PHI,28,32,180.2,4.63,1.13,3.37,3.37,223,39,11.11,1.94,0.308,42.1,4.4,$35.4,165,93
2021,Sandy Alcantara,MIA,25,33,205.2,3.19,1.07,3.42,3.45,201,50,8.8,2.19,0.27,41.3,4.3,$34.3,171,73
2021,Lucas Giolito,CHW,26,31,178.2,3.53,1.1,3.79,3.75,201,52,10.13,2.62,0.269,39.6,4.1,$33.1,145,70
2021,Frankie Montas,OAK,28,32,187.0,3.37,1.18,3.37,3.64,207,57,9.96,2.74,0.296,38.6,4.0,$32.1,164,70
2021,Jose Berrios,- - -,27,32,192.0,3.52,1.06,3.47,3.59,204,45,9.56,2.11,0.277,38.6,4.0,$32.1,159,75
2021,Adam Wainwright,STL,39,32,206.1,3.05,1.06,3.66,3.87,174,50,7.59,2.18,0.256,37.9,3.9,$31.2,168,70
2021,Robbie Ray,TOR,29,32,193.1,2.84,1.04,3.69,3.36,248,52,11.54,2.42,0.268,37.8,3.9,$31.3,150,61
2021,Tyler Mahle,CIN,26,33,180.0,3.75,1.23,3.8,3.74,210,64,10.5,3.2,0.297,37.3,3.9,$31.0,158,75
2021,Luis Castillo,CIN,28,33,187.2,3.98,1.36,3.75,3.63,192,75,9.21,3.6,0.318,37.2,3.9,$30.8,181,83
2021,Max Fried,ATL,27,28,165.2,3.04,1.09,3.31,3.45,158,41,8.58,2.23,0.278,35.9,3.7,$30.0,139,56
2021,Marcus Stroman,NYM,30,33,179.0,3.02,1.15,3.49,3.57,158,44,7.94,2.21,0.286,33.7,3.5,$27.7,161,60
2021,German Marquez,COL,26,32,180.0,4.4,1.27,3.86,3.64,176,64,8.8,3.2,0.293,33.5,3.4,$27.6,165,88
2021,Joe Musgrove,SDP,28,32,181.1,3.18,1.08,3.7,3.65,203,54,10.08,2.68,0.266,32.0,3.3,$26.3,142,64
2021,Sean Manaea,OAK,29,32,179.1,3.91,1.23,3.66,3.62,194,41,9.74,2.06,0.318,31.8,3.3,$26.1,179,78
2021,Lance McCullers Jr.,HOU,27,28,162.1,3.16,1.22,3.52,3.69,185,76,10.26,4.21,0.273,30.9,3.2,$25.5,122,57
2021,Kyle Gibson,- - -,33,31,182.0,3.71,1.22,3.87,4.14,155,64,7.66,3.16,0.276,29.7,3.1,$24.5,158,75
2021,Chris Flexen,SEA,26,31,179.2,3.61,1.25,3.89,4.56,125,40,6.26,2.0,0.3,29.4,3.0,$23.9,185,72
2021,Anthony DeSclafani,SFG,31,31,167.2,3.17,1.09,3.62,3.95,152,42,8.16,2.25,0.265,29.7,3.0,$24.3,141,59
2021,Wade Miley,CIN,34,28,163.0,3.37,1.33,3.97,4.07,125,50,6.9,2.76,0.301,29.6,3.0,$24.3,166,61
2021,Yu Darvish,SDP,34,30,166.1,4.22,1.09,3.9,3.75,199,44,10.77,2.38,0.274,28.0,2.8,$22.8,138,78
2021,Hyun-Jin Ryu,TOR,34,31,169.0,4.37,1.22,4.02,3.94,143,37,7.62,1.97,0.295,24.4,2.5,$19.6,170,82
2021,Tyler Anderson,- - -,31,31,167.0,4.53,1.25,4.37,4.6,134,38,7.22,2.05,0.284,20.6,2.1,$16.5,170,84
2021,Cole Irvin,OAK,27,32,178.1,4.24,1.33,4.3,4.82,125,42,6.31,2.12,0.302,20.1,2.0,$16.0,195,84
2021,Zack Greinke,HOU,37,30,171.0,4.16,1.17,4.71,4.21,120,36,6.32,1.89,0.263,12.4,1.2,$9.7,164,79
2021,Kyle Hendricks,CHC,31,32,181.0,4.77,1.35,4.89,4.61,131,44,6.51,2.19,0.299,11.7,1.1,$9.1,200,96
2021,Dallas Keuchel,CHW,33,32,162.0,5.28,1.53,5.23,4.74,95,59,5.28,3.28,0.307,7.4,0.7,$5.8,189,95
2021,Jordan Lyles,TEX,30,32,180.0,5.15,1.39,5.34,4.73,146,56,7.3,2.8,0.299,1.7,0.2,$1.5,194,103
2021,Patrick Corbin,WSN,31,31,171.2,5.82,1.47,5.41,4.29,143,60,7.5,3.15,0.305,1.7,0.2,$1.3,192,111
2022,Aaron Nola,PHI,29,32,205.0,3.25,0.96,2.58,2.77,235,29,10.32,1.27,0.289,55.6,6.3,$50.4,168,74
2022,Carlos Rodon,SFG,29,31,178.0,2.88,1.03,2.25,2.91,237,52,11.98,2.63,0.293,54.5,6.2,$49.9,131,57
2022,Justin Verlander,HOU,39,28,175.0,1.75,0.83,2.49,3.23,185,29,9.51,1.49,0.24,52.1,6.1,$48.5,116,34
2022,Sandy Alcantara,MIA,26,32,228.2,2.28,0.98,2.99,3.29,207,50,8.15,1.97,0.262,53.1,5.9,$47.4,174,58
2022,Shohei Ohtani,LAA,27,28,166.0,2.33,1.01,2.4,2.65,219,44,11.87,2.39,0.289,48.6,5.6,$44.8,124,43
2022,Kevin Gausman,TOR,31,31,174.2,3.35,1.24,2.38,2.75,205,28,10.56,1.44,0.363,48.7,5.5,$44.4,188,65
2022,Max Fried,ATL,28,30,185.1,2.48,1.01,2.7,3.09,170,32,8.26,1.55,0.28,44.3,4.9,$39.3,156,51
2022,Shane Bieber,CLE,27,31,200.0,2.88,1.04,2.87,2.98,198,36,8.91,1.62,0.287,43.0,4.8,$38.2,172,64
2022,Corbin Burnes,MIL,27,33,202.0,2.94,0.97,3.14,2.85,243,51,10.83,2.27,0.259,42.1,4.6,$36.7,144,66
2022,Framber Valdez,HOU,28,31,201.1,2.82,1.16,3.06,2.99,194,67,8.67,3.0,0.285,39.9,4.4,$35.2,166,63
2022,Dylan Cease,CHW,26,32,184.0,2.2,1.11,3.1,3.5,227,78,11.1,3.82,0.26,39.6,4.4,$35.0,126,45
2022,Yu Darvish,SDP,35,30,194.2,3.1,0.95,3.31,3.58,197,37,9.11,1.71,0.25,38.4,4.2,$33.4,148,67
2022,Logan Webb,SFG,25,32,192.1,2.9,1.16,3.03,3.31,163,49,7.63,2.29,0.293,39.1,4.2,$33.9,174,62
2022,Zac Gallen,ARI,26,31,184.0,2.54,0.91,3.05,3.31,192,47,9.39,2.3,0.237,38.3,4.2,$33.4,121,52
2022,Tyler Anderson,LAD,32,30,178.2,2.57,1.0,3.31,4.1,138,34,6.95,1.71,0.256,37.2,4.1,$32.5,145,51
2022,Jose Quintana,- - -,33,32,165.2,2.93,1.21,2.99,3.72,137,47,7.44,2.55,0.302,36.4,4.0,$31.8,154,54
2022,Alek Manoah,TOR,24,31,196.2,2.24,0.99,3.35,3.97,180,51,8.24,2.33,0.244,36.0,3.9,$31.4,144,49
2022,Martin Perez,TEX,31,32,196.1,2.89,1.26,3.27,3.8,169,69,7.75,3.16,0.295,35.6,3.9,$31.0,178,63
2022,Shane McClanahan,TBR,25,28,166.1,2.54,0.93,3.0,2.6,194,38,10.5,2.06,0.251,33.0,3.6,$29.0,116,47
2022,Gerrit Cole,NYY,31,33,200.2,3.5,1.02,3.47,2.77,257,50,11.53,2.24,0.268,31.9,3.4,$27.4,154,78
2022,Triston McKenzie,CLE,24,31,191.1,2.96,0.95,3.59,3.77,190,44,8.94,2.07,0.237,31.8,3.4,$27.5,138,63
2022,Joe Musgrove,SDP,29,30,181.0,2.93,1.08,3.59,3.47,184,42,9.15,2.09,0.276,31.9,3.4,$27.4,154,59
2022,Julio Urias,LAD,25,31,175.0,2.16,0.96,3.71,3.81,166,41,8.54,2.11,0.229,30.2,3.2,$25.8,127,42
2022,Merrill Kelly,ARI,33,33,200.1,3.37,1.14,3.65,3.86,177,61,7.95,2.74,0.269,30.1,3.2,$25.5,167,75
2022,Corey Kluber,TBR,36,31,164.0,4.34,1.21,3.57,3.92,139,21,7.63,1.15,0.317,28.8,3.1,$24.9,178,79
2022,Logan Gilbert,SEA,25,32,185.2,3.2,1.18,3.46,3.78,174,49,8.43,2.38,0.292,28.4,3.0,$24.4,170,66
2022,Pablo Lopez,MIA,26,32,180.0,3.75,1.17,3.71,3.56,174,53,8.7,2.65,0.283,28.3,3.0,$24.0,157,75
2022,Adam Wainwright,STL,40,32,191.2,3.71,1.28,3.66,4.1,143,54,6.71,2.54,0.302,27.4,2.9,$23.1,192,79
2022,Kyle Wright,ATL,26,30,180.1,3.19,1.16,3.58,3.3,174,53,8.68,2.65,0.284,26.6,2.8,$22.5,156,64
2022,Chris Bassitt,NYM,33,30,181.2,3.42,1.14,3.66,3.72,167,49,8.27,2.43,0.282,26.9,2.8,$22.7,159,69
2022,Miles Mikolas,STL,33,33,202.1,3.29,1.03,3.87,3.8,153,39,6.81,1.73,0.249,26.9,2.8,$22.6,170,74
2022,Jordan Montgomery,- - -,29,32,178.1,3.48,1.09,3.61,3.43,158,36,7.97,1.82,0.275,26.3,2.8,$22.4,159,69
2022,Kyle Freeland,COL,29,31,174.2,4.53,1.41,4.21,4.48,131,53,6.75,2.73,0.318,23.7,2.5,$19.9,193,88
2022,Jameson Taillon,NYY,30,32,177.1,3.91,1.13,3.94,3.79,151,32,7.66,1.62,0.276,22.8,2.4,$19.3,168,77
2022,Cal Quantrill,CLE,27,32,186.1,3.38,1.21,4.12,4.39,128,47,6.18,2.27,0.278,19.7,2.1,$16.5,178,70
2022,Kyle Gibson,PHI,34,31,167.2,5.05,1.34,4.28,3.94,144,48,7.73,2.58,0.308,17.8,1.8,$14.8,176,94
2022,Robbie Ray,SEA,30,32,189.0,3.71,1.19,4.17,3.58,212,62,10.1,2.95,0.284,15.8,1.6,$13.1,163,78
2022,Nick Pivetta,BOS,29,33,179.2,4.56,1.38,4.42,4.26,175,73,8.77,3.66,0.3,14.6,1.5,$12.1,175,91
2022,Jordan Lyles,BAL,31,32,179.0,4.42,1.39,4.4,4.39,144,52,7.24,2.61,0.313,13.6,1.4,$11.3,196,88
2022,Cole Irvin,OAK,28,30,181.0,3.98,1.16,4.21,4.35,128,36,6.36,1.79,0.273,13.4,1.4,$11.0,174,80
2022,Charlie Morton,ATL,38,31,172.0,4.34,1.23,4.26,3.6,205,63,10.73,3.3,0.292,13.8,1.4,$11.3,149,83
2022,German Marquez,COL,27,31,181.2,4.95,1.37,4.71,4.02,150,63,7.43,3.12,0.291,12.8,1.3,$10.4,185,100
2022,Jose Urquidy,HOU,27,29,164.1,3.94,1.17,4.6,4.32,134,38,7.34,2.08,0.264,9.3,1.0,$8.1,154,72
2022,Jose Berrios,TOR,28,32,172.0,5.23,1.42,4.55,4.21,149,45,7.8,2.35,0.328,8.7,0.9,$7.1,199,100
2022,Marco Gonzales,SEA,30,32,183.0,4.13,1.33,5.05,4.9,103,50,5.07,2.46,0.277,-0.7,-0.1,($0.6),194,84
2023,Zack Wheeler,PHI,33,32,192.0,3.61,1.08,3.15,3.54,212,39,9.94,1.83,0.292,55.5,5.9,$47.5,168,77
2023,Spencer Strider,ATL,24,32,186.2,3.86,1.09,2.85,2.92,281,58,13.55,2.8,0.316,51.6,5.5,$43.7,146,80
2023,Gerrit Cole,NYY,32,33,209.0,2.63,0.98,3.16,3.6,222,48,9.56,2.07,0.261,50.6,5.4,$43.1,157,61
2023,Sonny Gray,MIN,33,32,184.0,2.79,1.15,2.83,3.64,183,55,8.95,2.69,0.295,50.0,5.4,$42.9,156,57
2023,Zac Gallen,ARI,27,34,210.0,3.47,1.12,3.26,3.49,220,47,9.43,2.01,0.301,49.6,5.2,$41.4,188,81
2023,Kevin Gausman,TOR,32,31,185.0,3.16,1.18,2.97,3.22,237,55,11.53,2.68,0.321,48.1,5.1,$41.2,163,65
2023,Zach Eflin,TBR,29,31,177.2,3.5,1.02,3.01,3.12,186,24,9.42,1.22,0.295,45.8,4.9,$39.1,158,69
2023,Logan Webb,SFG,26,33,216.0,3.25,1.07,3.16,2.95,194,31,8.08,1.29,0.302,47.4,4.9,$39.3,201,78
2023,Justin Steele,CHC,27,30,173.1,3.06,1.17,3.02,3.32,176,36,9.14,1.87,0.317,45.4,4.8,$38.2,167,59
2023,Pablo Lopez,MIN,27,32,194.0,3.66,1.15,3.33,3.28,234,48,10.86,2.23,0.313,43.4,4.6,$36.5,176,79
2023,Framber Valdez,HOU,29,31,198.0,3.45,1.13,3.5,3.39,200,57,9.09,2.59,0.282,41.8,4.4,$35.0,166,76
2023,George Kirby,SEA,25,31,190.2,3.35,1.04,3.34,3.63,172,19,8.12,0.9,0.292,40.9,4.3,$34.3,179,71
2023,Jordan Montgomery,- - -,30,32,188.2,3.2,1.19,3.56,4.01,166,48,7.92,2.29,0.294,41.0,4.3,$34.0,177,67
2023,Blake Snell,SDP,30,32,180.0,2.25,1.19,3.44,3.62,234,99,11.7,4.95,0.256,40.3,4.2,$33.3,115,45
2023,Aaron Nola,PHI,30,32,193.2,4.46,1.15,4.03,3.63,202,45,9.39,2.09,0.285,37.9,3.9,$30.9,178,96
2023,Kyle Bradish,BAL,26,30,168.2,2.83,1.04,3.27,3.53,168,44,8.96,2.35,0.27,36.2,3.8,$30.3,132,53
2023,Jesus Luzardo,MIA,25,32,178.2,3.58,1.21,3.55,3.72,208,55,10.48,2.77,0.311,37.5,3.8,$30.7,162,71
2023,Dylan Cease,CHW,27,33,177.0,4.58,1.42,3.72,4.08,214,79,10.88,4.02,0.33,35.0,3.6,$28.9,172,90
2023,Kodai Senga,NYM,30,29,166.1,2.98,1.22,3.63,3.77,202,77,10.93,4.17,0.277,33.7,3.4,$27.5,126,55
2023,Corbin Burnes,MIL,28,32,193.2,3.39,1.07,3.81,3.8,200,66,9.29,3.07,0.244,34.1,3.4,$27.6,141,73
2023,Luis Castillo,SEA,30,33,197.0,3.34,1.1,3.81,3.81,219,56,10.01,2.56,0.267,32.6,3.3,$26.7,160,73
2023,Justin Verlander,- - -,40,27,162.1,3.22,1.13,3.85,4.56,144,45,7.98,2.49,0.265,32.5,3.3,$26.8,139,58
2023,Mitch Keller,PIT,27,32,194.1,4.21,1.25,3.8,3.7,210,55,9.73,2.55,0.31,32.5,3.3,$26.2,187,91
2023,Merrill Kelly,ARI,34,30,177.2,3.29,1.19,3.85,3.83,187,69,9.47,3.5,0.278,31.4,3.2,$25.4,143,65
2023,Logan Gilbert,SEA,26,32,190.2,3.73,1.08,3.85,3.76,189,36,8.92,1.7,0.272,30.2,3.1,$24.6,169,79
2023,Miles Mikolas,STL,34,35,201.1,4.78,1.32,4.27,4.76,137,39,6.12,1.74,0.308,30.6,3.1,$24.5,226,107
2023,Freddy Peralta,MIL,27,30,165.2,3.86,1.12,3.85,3.42,210,54,11.41,2.93,0.273,30.1,3.0,$24.4,131,71
2023,Sandy Alcantara,MIA,27,28,184.2,4.14,1.21,4.03,4.0,151,48,7.36,2.34,0.287,30.0,3.0,$24.2,176,85
2023,Jose Berrios,TOR,29,32,189.2,3.65,1.19,3.99,4.01,184,52,8.73,2.47,0.289,27.6,2.8,$22.3,173,77
2023,Charlie Morton,ATL,39,30,163.1,3.64,1.43,3.87,4.27,183,83,10.08,4.57,0.321,26.5,2.7,$21.2,150,66
2023,Kyle Gibson,BAL,35,33,192.0,4.73,1.32,4.13,4.13,157,55,7.36,2.58,0.309,25.4,2.6,$20.5,198,101
2023,Chris Bassitt,TOR,34,33,200.0,3.6,1.18,4.28,4.21,186,59,8.37,2.66,0.274,24.5,2.5,$19.6,176,80
2023,Taijuan Walker,PHI,30,31,172.2,4.38,1.31,4.53,4.83,138,71,7.19,3.7,0.272,24.7,2.5,$19.6,155,84
2023,Yusei Kikuchi,TOR,32,32,167.2,3.86,1.27,4.12,3.77,181,48,9.72,2.58,0.314,24.1,2.4,$19.5,165,72
2023,Dane Dunning,TEX,28,35,172.2,3.7,1.26,4.27,4.39,140,55,7.3,2.87,0.288,20.0,2.0,$16.1,163,71
2023,Cristian Javier,HOU,26,31,162.0,4.56,1.27,4.58,5.16,159,62,8.83,3.44,0.272,19.6,2.0,$15.7,143,82
2023,Bryce Elder,ATL,24,31,174.2,3.81,1.28,4.42,4.49,128,63,6.6,3.25,0.274,18.2,1.8,$14.2,160,74
2023,Johan Oviedo,PIT,25,32,177.2,4.31,1.37,4.49,4.87,158,83,8.0,4.2,0.28,18.9,1.8,$14.8,161,85
2023,Dean Kremer,BAL,27,32,172.2,4.12,1.31,4.51,4.34,157,55,8.18,2.87,0.293,15.1,1.5,$11.9,171,79
2023,Lucas Giolito,- - -,28,33,184.1,4.88,1.31,5.27,4.45,204,73,9.96,3.56,0.274,8.6,0.9,$7.4,169,100
2023,Patrick Corbin,WSN,33,32,180.0,5.2,1.48,5.28,4.76,124,57,6.2,2.85,0.309,8.8,0.8,$6.8,210,104
2023,JP Sears,OAK,27,32,172.1,4.54,1.26,5.15,5.1,161,53,8.41,2.77,0.278,5.8,0.6,$4.5,165,87
2023,Lance Lynn,- - -,36,32,183.2,5.73,1.39,5.53,4.5,191,67,9.36,3.28,0.292,4.6,0.5,$3.7,189,117
2023,Jordan Lyles,KCR,32,31,177.2,6.28,1.24,5.62,5.34,120,45,6.08,2.28,0.255,2.4,0.2,$1.8,176,124
2024,Chris Sale,ATL,35,29,177.2,2.38,1.01,2.09,2.64,225,39,11.4,1.98,0.314,56.2,6.4,$51.3,141,47
2024,Tarik Skubal,DET,27,31,192.0,2.39,0.92,2.49,2.83,228,35,10.69,1.64,0.273,52.5,5.9,$46.9,142,51
2024,Zack Wheeler,PHI,34,32,200.0,2.57,0.96,3.13,3.3,224,52,10.08,2.34,0.246,49.3,5.4,$43.4,139,57
2024,Cole Ragans,KCR,26,32,186.1,3.14,1.14,2.99,3.46,223,67,10.77,3.24,0.29,44.7,4.9,$39.0,146,65
2024,Dylan Cease,SDP,28,33,189.1,3.47,1.07,3.1,3.44,224,65,10.65,3.09,0.263,43.8,4.8,$38.1,137,73
2024,Seth Lugo,KCR,34,33,206.2,3.0,1.09,3.25,3.83,181,48,7.88,2.09,0.277,43.6,4.7,$37.7,177,69
2024,Cristopher Sanchez,PHI,27,31,181.2,3.32,1.24,3.0,3.19,153,44,7.58,2.18,0.313,43.0,4.7,$37.5,182,67
2024,Logan Webb,SFG,27,33,204.2,3.47,1.23,2.95,3.28,172,50,7.56,2.2,0.315,41.2,4.4,$35.3,202,79
2024,George Kirby,SEA,26,33,191.0,3.53,1.07,3.26,3.58,179,23,8.43,1.08,0.291,39.2,4.2,$33.6,181,75
2024,Logan Gilbert,SEA,27,33,208.2,3.23,0.89,3.27,3.11,220,37,9.49,1.6,0.236,38.3,4.1,$32.6,148,75
2024,Michael King,SDP,29,31,173.2,2.95,1.19,3.33,3.5,201,63,10.42,3.26,0.29,36.3,3.9,$31.3,144,57
2024,Tanner Houck,BOS,28,30,178.2,3.12,1.14,3.32,3.58,154,48,7.76,2.42,0.282,36.4,3.9,$31.2,156,62
2024,Sonny Gray,STL,34,28,166.1,3.84,1.09,3.12,2.82,203,39,10.98,2.11,0.299,35.6,3.8,$30.7,142,71
2024,Corbin Burnes,BAL,29,32,194.1,2.92,1.1,3.55,3.55,181,48,8.38,2.22,0.269,35.2,3.7,$29.9,165,63
2024,Framber Valdez,HOU,30,28,176.1,2.91,1.11,3.25,3.08,169,55,8.63,2.81,0.276,33.8,3.6,$28.9,140,57
2024,Yusei Kikuchi,- - -,33,32,175.2,4.05,1.2,3.46,3.2,206,44,10.55,2.25,0.309,33.3,3.5,$28.3,167,79
2024,Max Fried,ATL,30,29,174.1,3.25,1.16,3.33,3.33,166,57,8.57,2.94,0.282,31.6,3.4,$26.8,146,63
2024,Erick Fedde,- - -,31,31,177.1,3.3,1.16,3.86,4.12,154,52,7.82,2.64,0.271,32.4,3.4,$27.6,154,65
2024,Michael Wacha,KCR,32,29,166.2,3.35,1.19,3.65,4.14,145,45,7.83,2.43,0.29,31.5,3.3,$26.8,154,62
2024,Tanner Bibee,CLE,25,31,173.2,3.47,1.12,3.56,3.72,187,44,9.69,2.28,0.285,31.1,3.3,$26.3,150,67
2024,Pablo Lopez,MIN,28,32,185.1,4.08,1.19,3.65,3.36,198,41,9.62,1.99,0.309,30.5,3.2,$25.6,180,84
2024,Aaron Nola,PHI,31,33,199.1,3.57,1.2,3.94,3.44,197,50,8.89,2.26,0.294,30.2,3.2,$25.3,189,79
2024,Jack Flaherty,- - -,28,28,162.0,3.17,1.07,3.48,3.0,194,38,10.78,2.11,0.285,30.1,3.2,$25.7,135,57
2024,MacKenzie Gore,WSN,25,32,166.1,3.9,1.42,3.53,3.87,181,65,9.79,3.52,0.34,30.6,3.2,$25.9,171,72
2024,Hunter Brown,HOU,25,31,170.0,3.49,1.27,3.58,3.47,179,60,9.48,3.18,0.307,29.6,3.1,$25.0,156,66
2024,Brandon Pfaadt,ARI,25,32,181.2,4.71,1.24,3.61,3.58,185,42,9.17,2.08,0.315,29.9,3.1,$25.1,183,95
2024,Nestor Cortes,NYY,29,31,174.1,3.77,1.15,3.84,4.16,162,39,8.36,2.01,0.287,29.8,3.1,$25.2,162,73
2024,Shota Imanaga,CHC,30,29,173.1,2.91,1.02,3.72,3.62,174,28,9.03,1.45,0.264,28.9,3.0,$24.3,149,56
2024,Kevin Gausman,TOR,33,31,181.0,3.83,1.22,3.77,4.22,162,56,8.06,2.78,0.281,27.4,2.9,$22.9,165,77
2024,Bailey Ober,MIN,28,31,178.2,3.98,1.0,3.82,3.83,191,43,9.62,2.17,0.247,28.0,2.9,$23.5,136,79
2024,Bryce Miller,SEA,25,31,180.1,2.94,0.98,3.58,3.85,171,45,8.53,2.25,0.237,26.9,2.8,$22.4,131,59
2024,Sean Manaea,NYM,32,32,181.2,3.47,1.08,3.83,4.04,184,63,9.12,3.12,0.245,26.6,2.8,$22.2,134,70
2024,Zach Eflin,- - -,30,28,165.1,3.59,1.15,3.77,3.81,134,24,7.29,1.31,0.287,26.5,2.8,$22.2,166,66
2024,Nathan Eovaldi,TEX,34,29,170.2,3.8,1.11,3.83,3.47,166,42,8.75,2.21,0.271,25.8,2.7,$21.6,147,72
2024,Brady Singer,KCR,27,32,179.2,3.71,1.27,3.93,3.62,170,54,8.52,2.71,0.302,24.0,2.5,$19.9,175,74
2024,Ryan Feltner,COL,27,30,162.1,4.49,1.34,4.16,4.17,138,52,7.65,2.88,0.305,23.3,2.4,$19.4,165,81
2024,Jameson Taillon,CHC,32,28,165.1,3.27,1.13,3.92,4.16,125,33,6.8,1.8,0.269,22.1,2.3,$18.4,154,60
2024,Luis Castillo,SEA,31,30,175.1,3.64,1.17,3.91,3.82,175,47,8.98,2.41,0.285,22.7,2.3,$18.7,158,71
2024,Freddy Peralta,MIL,28,32,173.2,3.68,1.21,4.16,3.93,200,68,10.36,3.52,0.278,22.4,2.3,$18.6,143,71
2024,Mitch Keller,PIT,28,31,178.0,4.25,1.3,4.08,4.08,166,50,8.39,2.53,0.306,21.4,2.2,$17.6,182,84
2024,Chris Bassitt,TOR,35,31,171.0,4.16,1.46,4.08,4.28,168,70,8.84,3.68,0.333,21.2,2.2,$17.5,180,79
2024,Ronel Blanco,HOU,30,30,167.1,2.8,1.09,4.15,4.09,166,68,8.93,3.66,0.22,20.8,2.1,$17.2,114,52
2024,Luis Severino,NYM,30,31,182.0,3.91,1.24,4.21,4.12,161,60,7.96,2.97,0.283,20.5,2.1,$16.8,166,79
2024,Brayan Bello,BOS,25,30,162.1,4.49,1.36,4.19,3.87,153,64,8.48,3.55,0.303,19.4,2.0,$16.0,157,81
2024,Miles Mikolas,STL,35,32,171.2,5.35,1.28,4.24,4.08,122,25,6.4,1.31,0.31,19.2,2.0,$15.8,194,102
2024,Kutter Crawford,BOS,28,33,183.2,4.36,1.12,4.65,4.35,175,51,8.58,2.5,0.247,18.2,1.9,$14.9,155,89
2024,Jake Irvin,WSN,27,33,187.2,4.41,1.2,4.41,4.03,156,52,7.48,2.49,0.273,17.9,1.8,$14.6,173,92
2024,Carlos Rodon,NYY,31,32,175.0,3.96,1.22,4.39,4.09,195,57,10.03,2.93,0.284,16.7,1.7,$13.6,157,77
2024,Patrick Corbin,WSN,34,32,174.2,5.62,1.5,4.41,4.14,139,54,7.16,2.78,0.337,17.2,1.7,$14.0,208,109
2024,Tyler Anderson,LAA,34,31,179.1,3.81,1.29,4.66,4.85,142,73,7.13,3.66,0.258,16.1,1.6,$13.0,158,76
2024,Kyle Gibson,STL,36,30,169.2,4.24,1.35,4.42,4.19,151,68,8.01,3.61,0.29,14.4,1.5,$11.7,161,80
2024,JP Sears,OAK,28,32,180.2,4.38,1.22,4.71,4.86,137,49,6.82,2.44,0.272,11.7,1.2,$9.4,172,88
2024,Austin Gomber,COL,30,30,165.0,4.75,1.31,4.83,4.5,116,38,6.33,2.07,0.29,12.2,1.2,$9.8,178,87
2024,Charlie Morton,ATL,40,30,165.1,4.19,1.32,4.46,3.99,167,65,9.09,3.54,0.306,11.0,1.1,$8.8,154,77
2024,Jose Berrios,TOR,30,32,192.1,3.6,1.15,4.72,4.25,153,54,7.16,2.53,0.256,9.8,1.0,$7.8,168,77
2024,Jose Quintana,NYM,35,31,170.1,3.75,1.25,4.56,4.44,135,63,7.13,3.33,0.263,10.5,1.0,$8.4,150,71
2024,Colin Rea,MIL,33,32,167.2,4.29,1.26,4.75,4.42,135,43,7.25,2.31,0.282,8.4,0.9,$6.8,169,80
2024,Griffin Canning,LAA,28,32,171.2,5.19,1.4,5.26,4.75,130,66,6.82,3.46,0.283,1.8,0.2,$1.7,174,99
